normal,scenario5_highway,CHECK_POINT = 10,DEAD_LINE = 1400000,ALL TASK SIZE =1400000,first check = 1,,,normal,scenario5_highway_re,CHECK_POINT = 10,DEAD_LINE = 1400000,ALL TASK SIZE =1400000,first check = 1,,,normal,scenario5_city,CHECK_POINT = 10,DEAD_LINE = 1400000,ALL TASK SIZE =1400000,first check = 1,,,normal,scenario5_city_re,CHECK_POINT = 10,DEAD_LINE = 1400000,ALL TASK SIZE =1400000,first check = 1,,,normal,scenario5_homearea,CHECK_POINT = 10,DEAD_LINE = 1400000,ALL TASK SIZE =1400000,first check = 1,,,normal,scenario5_homearea_re,CHECK_POINT = 10,DEAD_LINE = 1400000,ALL TASK SIZE =1400000,first check = 1,,,normal,scenario5_highway,CHECK_POINT = 100,DEAD_LINE = 1400000,ALL TASK SIZE =1400000,first check = 1,,,normal,scenario5_highway_re,CHECK_POINT = 100,DEAD_LINE = 1400000,ALL TASK SIZE =1400000,first check = 1,,,normal,scenario5_city,CHECK_POINT = 100,DEAD_LINE = 1400000,ALL TASK SIZE =1400000,first check = 1,,,normal,scenario5_city_re,CHECK_POINT = 100,DEAD_LINE = 1400000,ALL TASK SIZE =1400000,first check = 1,,,normal,scenario5_homearea,CHECK_POINT = 100,DEAD_LINE = 1400000,ALL TASK SIZE =1400000,first check = 1,,,normal,scenario5_homearea_re,CHECK_POINT = 100,DEAD_LINE = 1400000,ALL TASK SIZE =1400000,first check = 1,,,
load,deadline_rest,time_high,time_low,Wh_h,Wh_l,Wh_sum,,load,deadline_rest,time_high,time_low,Wh_h,Wh_l,Wh_sum,,load,deadline_rest,time_high,time_low,Wh_h,Wh_l,Wh_sum,,load,deadline_rest,time_high,time_low,Wh_h,Wh_l,Wh_sum,,load,deadline_rest,time_high,time_low,Wh_h,Wh_l,Wh_sum,,load,deadline_rest,time_high,time_low,Wh_h,Wh_l,Wh_sum,,load,deadline_rest,time_high,time_low,Wh_h,Wh_l,Wh_sum,,load,deadline_rest,time_high,time_low,Wh_h,Wh_l,Wh_sum,,load,deadline_rest,time_high,time_low,Wh_h,Wh_l,Wh_sum,,load,deadline_rest,time_high,time_low,Wh_h,Wh_l,Wh_sum,,load,deadline_rest,time_high,time_low,Wh_h,Wh_l,Wh_sum,,load,deadline_rest,time_high,time_low,Wh_h,Wh_l,Wh_sum,,
load,Previous,Previous,Previous,Previous,Previous,Previous,,load,Proposed,Proposed,Proposed,Proposed,Proposed,Proposed,,load,Previous,Previous,Previous,Previous,Previous,Previous,,load,Proposed,Proposed,Proposed,Proposed,Proposed,Proposed,,load,Previous,Previous,Previous,Previous,Previous,Previous,,load,Proposed,Proposed,Proposed,Proposed,Proposed,Proposed,,load,Previous,Previous,Previous,Previous,Previous,Previous,,load,Proposed,Proposed,Proposed,Proposed,Proposed,Proposed,,load,Previous,Previous,Previous,Previous,Previous,Previous,,load,Proposed,Proposed,Proposed,Proposed,Proposed,Proposed,,load,Previous,Previous,Previous,Previous,Previous,Previous,,load,Proposed,Proposed,Proposed,Proposed,Proposed,Proposed,,
1,1226500,155000,15000,9.22497,0.0840343,9.30901,,1,764750,1250,630000,0.0746357,2.80409,2.87873,,1,1230000,155000,15000,9.25483,0.0663429,9.32117,,1,769750,1250,630000,0.0746357,2.78198,2.85661,,1,1230250,155000,15000,9.2399,0.0663429,9.30624,,1,767250,1250,630000,0.0746357,2.79303,2.86767,,1,1230000,155000,15000,9.25483,0.0663429,9.32117,,1,765750,1250,630000,0.0746357,2.79967,2.8743,,1,1230000,155000,15000,9.25483,0.0663429,9.32117,,1,770750,1250,630000,0.0746357,2.77755,2.85219,,1,1230500,155000,15000,9.22497,0.0663429,9.29132,,1,768375,1250,630000,0.216444,2.77755,2.994,,
0.95,1217366,163158,15791,9.22498,0.0840406,9.30902,,0.95,731314,1316,663159,0.0746477,2.8041,2.87874,,0.95,1221051,163158,15791,9.25483,0.0663493,9.32118,,0.95,736577,1316,663159,0.0746477,2.78198,2.85663,,0.95,1221314,163158,15791,9.23991,0.0663493,9.30626,,0.95,733946,1316,663159,0.0746477,2.79304,2.86769,,0.95,1221051,163158,15791,9.25483,0.0663493,9.32118,,0.95,732367,1316,663159,0.0746477,2.79967,2.87432,,0.95,1221051,163158,15791,9.25483,0.0663493,9.32118,,0.95,737630,1316,663159,0.0746477,2.77756,2.85221,,0.95,1221577,163158,15791,9.22498,0.0663493,9.29133,,0.95,735130,1316,663159,0.216456,2.77756,2.99401,,
0.9,1207220,172223,16668,9.22501,0.0840394,9.30905,,0.9,694165,1389,700001,0.0746417,2.8041,2.87874,,0.9,1211109,172223,16668,9.25487,0.0663482,9.32122,,0.9,699721,1389,700001,0.0746417,2.78198,2.85662,,0.9,1211386,172223,16668,9.23994,0.0663482,9.30629,,0.9,696943,1389,700001,0.0746417,2.79304,2.86768,,0.9,1211109,172223,16668,9.25487,0.0663482,9.32122,,0.9,695276,1389,700001,0.0746417,2.79967,2.87431,,0.9,1211109,172223,16668,9.25487,0.0663482,9.32122,,0.9,700832,1389,700001,0.0746417,2.77756,2.8522,,0.9,1211664,172223,16668,9.22501,0.0663482,9.29136,,0.9,698193,1389,700001,0.21645,2.77756,2.99401,,
0.85,1195881,182353,17648,9.22498,0.0840379,9.30902,,0.85,652646,1471,741177,0.0746566,2.80409,2.87875,,0.85,1199999,182353,17648,9.25483,0.0663464,9.32118,,0.85,658528,1471,741177,0.0746566,2.78198,2.85664,,0.85,1200293,182353,17648,9.23991,0.0663464,9.30625,,0.85,655587,1471,741177,0.0746566,2.79304,2.86769,,0.85,1199999,182353,17648,9.25483,0.0663464,9.32118,,0.85,653822,1471,741177,0.0746566,2.79967,2.87433,,0.85,1199999,182353,17648,9.25483,0.0663464,9.32118,,0.85,659704,1471,741177,0.0746566,2.77756,2.85221,,0.85,1200587,182353,17648,9.22498,0.0663464,9.29133,,0.85,656910,1471,741177,0.216464,2.77756,2.99402,,
0.8,1183123,193751,18751,9.22502,0.0840375,9.30905,,0.8,605936,1563,787501,0.0746596,2.80409,2.87875,,0.8,1187498,193751,18751,9.25488,0.0663464,9.32122,,0.8,612185,1563,787501,0.0746596,2.78198,2.85664,,0.8,1187810,193751,18751,9.23994,0.0663464,9.30629,,0.8,609061,1563,787501,0.0746596,2.79304,2.8677,,0.8,1187498,193751,18751,9.25488,0.0663464,9.32122,,0.8,607186,1563,787501,0.0746596,2.79967,2.87433,,0.8,1187498,193751,18751,9.25488,0.0663464,9.32122,,0.8,613435,1563,787501,0.0746596,2.77756,2.85222,,0.8,1188123,193751,18751,9.22502,0.0663464,9.29136,,0.8,610467,1563,787501,0.21647,2.77756,2.99403,,
0.75,1168665,206667,20001,9.22499,0.0840375,9.30903,,0.75,552998,1667,840001,0.0746506,2.80409,2.87875,,0.75,1173332,206667,20001,9.25484,0.0663462,9.32119,,0.75,559665,1667,840001,0.0746506,2.78198,2.85663,,0.75,1173665,206667,20001,9.23992,0.0663462,9.30626,,0.75,556332,1667,840001,0.0746506,2.79304,2.86769,,0.75,1173332,206667,20001,9.25484,0.0663462,9.32119,,0.75,554332,1667,840001,0.0746506,2.79967,2.87432,,0.75,1173332,206667,20001,9.25484,0.0663462,9.32119,,0.75,560998,1667,840001,0.0746506,2.77756,2.85221,,0.75,1173998,206667,20001,9.22499,0.0663462,9.29134,,0.75,557831,1667,840001,0.21646,2.77756,2.99402,,
0.7,1152142,221429,21429,9.22499,0.0840357,9.30903,,0.7,492498,1786,900001,0.0746477,2.80409,2.87874,,0.7,1157142,221429,21429,9.25485,0.0663442,9.32119,,0.7,499641,1786,900001,0.0746477,2.78198,2.85663,,0.7,1157499,221429,21429,9.23992,0.0663442,9.30627,,0.7,496070,1786,900001,0.0746477,2.79304,2.86769,,0.7,1157142,221429,21429,9.25485,0.0663442,9.32119,,0.7,493927,1786,900001,0.0746477,2.79967,2.87432,,0.7,1157142,221429,21429,9.25485,0.0663442,9.32119,,0.7,501070,1786,900001,0.0746477,2.77756,2.8522,,0.7,1157856,221429,21429,9.22499,0.0663442,9.29134,,0.7,497677,1786,900001,0.216457,2.77756,2.99401,,
0.65,1133075,238462,23078,9.22499,0.0840375,9.30903,,0.65,422690,1924,969232,0.0746715,2.8041,2.87877,,0.65,1138460,238462,23078,9.25485,0.066346,9.32119,,0.65,430382,1924,969232,0.0746715,2.78198,2.85665,,0.65,1138844,238462,23078,9.23992,0.066346,9.30627,,0.65,426536,1924,969232,0.0746715,2.79304,2.86771,,0.65,1138460,238462,23078,9.25485,0.066346,9.32119,,0.65,424228,1924,969232,0.0746715,2.79967,2.87434,,0.65,1138460,238462,23078,9.25485,0.066346,9.32119,,0.65,431921,1924,969232,0.0746715,2.77756,2.85223,,0.65,1139229,238462,23078,9.22499,0.066346,9.29134,,0.65,428267,1924,969232,0.216478,2.77756,2.99404,,
0.6,1110831,258334,25001,9.225,0.084037,9.30903,,0.6,341248,2084,1050001,0.0746596,2.80409,2.87875,,0.6,1116665,258334,25001,9.25485,0.0663455,9.3212,,0.6,349581,2084,1050001,0.0746596,2.78198,2.85664,,0.6,1117081,258334,25001,9.23992,0.0663455,9.30627,,0.6,345415,2084,1050001,0.0746596,2.79304,2.8677,,0.6,1116665,258334,25001,9.25485,0.0663455,9.3212,,0.6,342915,2084,1050001,0.0746596,2.79967,2.87433,,0.6,1116665,258334,25001,9.25485,0.0663455,9.3212,,0.6,351248,2084,1050001,0.0746596,2.77756,2.85222,,0.6,1117498,258334,25001,9.225,0.0663455,9.29134,,0.6,347290,2084,1050001,0.216466,2.77756,2.99402,,
0.55,1084544,281819,27273,9.225,0.0840351,9.30904,,0.55,244719,2273,1145455,0.0746447,2.80477,2.87942,,0.55,1090908,281819,27273,9.25486,0.0663435,9.3212,,0.55,254090,2273,1145455,0.0746447,2.78198,2.85662,,0.55,1091362,281819,27273,9.23993,0.0663435,9.30627,,0.55,249544,2273,1145455,0.0746447,2.79304,2.86768,,0.55,1090908,281819,27273,9.25486,0.0663435,9.3212,,0.55,246817,2273,1145455,0.0746447,2.79967,2.87431,,0.55,1090908,281819,27273,9.25486,0.0663435,9.3212,,0.55,255908,2273,1145455,0.0746447,2.77756,2.8522,,0.55,1091817,281819,27273,9.225,0.0663435,9.29134,,0.55,251590,2273,1145455,0.216453,2.77756,2.99401,,
0.5,1052997,310001,30002,9.225,0.0840387,9.30904,,0.5,145297,2501,1262802,0.259765,2.75544,3.01521,,0.5,1059997,310001,30002,9.25486,0.0663473,9.32121,,0.5,136697,2501,1262802,0.0746656,2.78817,2.86284,,0.5,1060497,310001,30002,9.23993,0.0663473,9.30628,,0.5,140997,2501,1262802,0.167217,2.77181,2.93903,,0.5,1059997,310001,30002,9.25486,0.0663473,9.32121,,0.5,131497,2501,1260002,0.0746656,2.79967,2.87434,,0.5,1059997,310001,30002,9.25486,0.0663473,9.32121,,0.5,141497,2501,1260002,0.0746656,2.77756,2.85222,,0.5,1060997,310001,30002,9.225,0.0663473,9.29135,,0.5,136747,2501,1260002,0.216473,2.77756,2.99403,,
0.45,1014442,344445,33335,9.22499,0.0840376,9.30903,,0.45,202531,71667,1127246,2.01816,2.23381,4.25197,,0.45,1022220,344445,33335,9.25484,0.0663462,9.32119,,0.45,202975,71667,1127246,1.92263,2.24,4.16263,,0.45,1022775,344445,33335,9.23992,0.0663462,9.30626,,0.45,197753,71667,1127246,1.92561,2.25018,4.17579,,0.45,1022220,344445,33335,9.25484,0.0663462,9.32119,,0.45,27853,13112,1361468,0.433806,2.69883,3.13264,,0.45,1022220,344445,33335,9.25484,0.0663462,9.32119,,0.45,27044,13112,1361468,0.324538,2.70853,3.03307,,0.45,1023331,344445,33335,9.22499,0.0663462,9.29134,,0.45,29000,13112,1361468,0.53113,2.68934,3.22047,,
0.4,966247,387501,37502,9.225,0.0840376,9.30904,,0.4,181074,119375,1112801,3.03618,1.93155,4.96773,,0.4,974997,387501,37502,9.25485,0.0663464,9.3212,,0.4,169761,119375,1112801,2.84661,1.96561,4.81221,,0.4,975622,387501,37502,9.23993,0.0663464,9.30627,,0.4,175699,119375,1112801,2.94363,1.94792,4.89155,,0.4,974997,387501,37502,9.25485,0.0663464,9.3212,,0.4,65599,84500,1252301,2.09697,2.20542,4.30238,,0.4,974997,387501,37502,9.25485,0.0663464,9.3212,,0.4,61786,84500,1252301,1.9671,2.22178,4.18888,,0.4,976247,387501,37502,9.225,0.0663464,9.29134,,0.4,62824,84500,1252301,2.16444,2.20533,4.36976,,
0.35,905355,442858,42858,9.23246,0.0818242,9.31428,,0.35,259769,225001,917087,4.79462,1.40992,6.20454,,0.35,914284,442858,42858,9.25485,0.0663442,9.32119,,0.35,259697,225001,917087,4.69461,1.41744,6.11205,,0.35,914998,442858,42858,9.23992,0.0663442,9.30626,,0.35,253626,225001,917087,4.70207,1.42628,6.12836,,0.35,914284,442858,42858,9.25485,0.0663442,9.32119,,0.35,74333,163001,1165087,3.48297,1.79413,5.27711,,0.35,914284,442858,42858,9.25485,0.0663442,9.32119,,0.35,72226,163001,1165087,3.36878,1.80585,5.17463,,0.35,915712,442858,42858,9.22499,0.0663442,9.29134,,0.35,73412,163001,1165087,3.56611,1.7894,5.35552,,
0.3,834165,520834,33334,9.29962,0.0619208,9.36154,,0.3,225198,314167,862801,5.72009,1.13508,6.85517,,0.3,845832,520834,33334,9.32948,0.0442295,9.37371,,0.3,224865,314167,862801,5.61858,1.14304,6.76163,,0.3,846665,520834,33334,9.31455,0.0442295,9.35878,,0.3,218032,314167,862801,5.62754,1.15145,6.77899,,0.3,833332,516667,50001,9.25483,0.0663442,9.32118,,0.3,68981,262501,1069468,4.76745,1.41293,6.18038,,0.3,833332,516667,50001,9.25483,0.0663442,9.32118,,0.3,67697,262501,1069468,4.66027,1.42257,6.08284,,0.3,834998,516667,50001,9.22498,0.0663442,9.29132,,0.3,67531,262501,1069468,4.84835,1.40886,6.25721,,
0.25,762997,635003,0,9.50863,0,9.50863,,0.25,158197,439002,786801,6.55305,0.887669,7.44071,,0.25,764997,635003,0,9.47878,0,9.47878,,0.25,157797,439002,786801,6.45154,0.89563,7.34717,,0.25,765997,635003,0,9.46385,0,9.46385,,0.25,168197,439002,786801,6.55305,0.876611,7.42966,,0.25,749997,630002,20001,9.40413,0.0221154,9.42625,,0.25,7607,383202,1010001,5.78385,1.11116,6.89501,,0.25,749997,630002,20001,9.40413,0.0221154,9.42625,,0.25,7537,383202,1010001,5.68399,1.11863,6.80262,,0.25,748997,630002,20001,9.35935,0.0265384,9.38589,,0.25,7337,383202,1010001,5.87207,1.10492,6.97699,,
,,,,,,,,,,,,,,,,,,,,,,,,,,,,,,,,,,,,,,,,,,,,,,,,,,,,,,,,,,,,,,,,,,,,,,,,,,,,,,,,,,,,,,,,,,,,,,,,
hc,scenario5_highway,CHECK_POINT = 10,DEAD_LINE = 1400000,ALL TASK SIZE =1400000,first check = 1,,,hc,scenario5_highway_re,CHECK_POINT = 10,DEAD_LINE = 1400000,ALL TASK SIZE =1400000,first check = 1,,,hc,scenario5_city,CHECK_POINT = 10,DEAD_LINE = 1400000,ALL TASK SIZE =1400000,first check = 1,,,hc,scenario5_city_re,CHECK_POINT = 10,DEAD_LINE = 1400000,ALL TASK SIZE =1400000,first check = 1,,,hc,scenario5_homearea,CHECK_POINT = 10,DEAD_LINE = 1400000,ALL TASK SIZE =1400000,first check = 1,,,hc,scenario5_homearea_re,CHECK_POINT = 10,DEAD_LINE = 1400000,ALL TASK SIZE =1400000,first check = 1,,,hc,scenario5_highway,CHECK_POINT = 100,DEAD_LINE = 1400000,ALL TASK SIZE =1400000,first check = 1,,,hc,scenario5_highway_re,CHECK_POINT = 100,DEAD_LINE = 1400000,ALL TASK SIZE =1400000,first check = 1,,,hc,scenario5_city,CHECK_POINT = 100,DEAD_LINE = 1400000,ALL TASK SIZE =1400000,first check = 1,,,hc,scenario5_city_re,CHECK_POINT = 100,DEAD_LINE = 1400000,ALL TASK SIZE =1400000,first check = 1,,,hc,scenario5_homearea,CHECK_POINT = 100,DEAD_LINE = 1400000,ALL TASK SIZE =1400000,first check = 1,,,hc,scenario5_homearea_re,CHECK_POINT = 100,DEAD_LINE = 1400000,ALL TASK SIZE =1400000,first check = 1,,,
load,deadline_rest,time_high,time_low,Wh_h,Wh_l,Wh_sum,,load,deadline_rest,time_high,time_low,Wh_h,Wh_l,Wh_sum,,load,deadline_rest,time_high,time_low,Wh_h,Wh_l,Wh_sum,,load,deadline_rest,time_high,time_low,Wh_h,Wh_l,Wh_sum,,load,deadline_rest,time_high,time_low,Wh_h,Wh_l,Wh_sum,,load,deadline_rest,time_high,time_low,Wh_h,Wh_l,Wh_sum,,load,deadline_rest,time_high,time_low,Wh_h,Wh_l,Wh_sum,,load,deadline_rest,time_high,time_low,Wh_h,Wh_l,Wh_sum,,load,deadline_rest,time_high,time_low,Wh_h,Wh_l,Wh_sum,,load,deadline_rest,time_high,time_low,Wh_h,Wh_l,Wh_sum,,load,deadline_rest,time_high,time_low,Wh_h,Wh_l,Wh_sum,,load,deadline_rest,time_high,time_low,Wh_h,Wh_l,Wh_sum,,
load,Previous,Previous,Previous,Previous,Previous,Previous,,load,Proposed,Proposed,Proposed,Proposed,Proposed,Proposed,,load,Previous,Previous,Previous,Previous,Previous,Previous,,load,Proposed,Proposed,Proposed,Proposed,Proposed,Proposed,,load,Previous,Previous,Previous,Previous,Previous,Previous,,load,Proposed,Proposed,Proposed,Proposed,Proposed,Proposed,,load,Previous,Previous,Previous,Previous,Previous,Previous,,load,Proposed,Proposed,Proposed,Proposed,Proposed,Proposed,,load,Previous,Previous,Previous,Previous,Previous,Previous,,load,Proposed,Proposed,Proposed,Proposed,Proposed,Proposed,,load,Previous,Previous,Previous,Previous,Previous,Previous,,load,Proposed,Proposed,Proposed,Proposed,Proposed,Proposed,,
1,1400000,153750,0,9.46381,0,9.46381,,1,1400000,158750,0,9.47874,0,9.47874,,1,1400000,158750,0,9.43395,0,9.43395,,1,1400000,158750,0,9.46381,0,9.46381,,1,1400000,158750,0,9.54591,0,9.54591,,1,1400000,158750,0,9.44888,0,9.44888,,1,1400000,158750,0,9.7325,0,9.7325,,1,1400000,158750,0,9.59815,0,9.59815,,1,1400000,158750,0,9.46381,0,9.46381,,1,1400000,158750,0,9.44888,0,9.44888,,1,1400000,158750,0,9.50113,0,9.50113,,1,1400000,158750,0,9.62054,0,9.62054,,
0.95,1400000,161843,0,9.46385,0,9.46385,,0.95,1400000,167106,0,9.47878,0,9.47878,,0.95,1400000,167106,0,9.434,0,9.434,,0.95,1400000,167106,0,9.46385,0,9.46385,,0.95,1400000,167106,0,9.54595,0,9.54595,,0.95,1400000,167106,0,9.44893,0,9.44893,,0.95,1400000,167106,0,9.73254,0,9.73254,,0.95,1400000,167106,0,9.59819,0,9.59819,,0.95,1400000,167106,0,9.46385,0,9.46385,,0.95,1400000,167106,0,9.44892,0,9.44892,,0.95,1400000,167106,0,9.50117,0,9.50117,,0.95,1400000,167106,0,9.62059,0,9.62059,,
0.9,1400000,170834,0,9.46386,0,9.46386,,0.9,1400000,176390,0,9.4788,0,9.4788,,0.9,1400000,176390,0,9.43401,0,9.43401,,0.9,1400000,176390,0,9.46387,0,9.46387,,0.9,1400000,176390,0,9.54596,0,9.54596,,0.9,1400000,176390,0,9.44894,0,9.44894,,0.9,1400000,176390,0,9.73256,0,9.73256,,0.9,1400000,176390,0,9.59821,0,9.59821,,0.9,1400000,176390,0,9.46387,0,9.46387,,0.9,1400000,176390,0,9.44894,0,9.44894,,0.9,1400000,176390,0,9.50119,0,9.50119,,0.9,1400000,176390,0,9.6206,0,9.6206,,
0.85,1400000,180884,0,9.46388,0,9.46388,,0.85,1400000,186766,0,9.4788,0,9.4788,,0.85,1400000,186766,0,9.43402,0,9.43402,,0.85,1400000,186766,0,9.46388,0,9.46388,,0.85,1400000,186766,0,9.54598,0,9.54598,,0.85,1400000,186766,0,9.44895,0,9.44895,,0.85,1400000,186766,0,9.73256,0,9.73256,,0.85,1400000,186766,0,9.59821,0,9.59821,,0.85,1400000,186766,0,9.46388,0,9.46388,,0.85,1400000,186766,0,9.44895,0,9.44895,,0.85,1400000,186766,0,9.50119,0,9.50119,,0.85,1400000,186766,0,9.62061,0,9.62061,,
0.8,1400000,192188,0,9.46387,0,9.46387,,0.8,1400000,198439,0,9.47881,0,9.47881,,0.8,1400000,198439,0,9.43402,0,9.43402,,0.8,1400000,198439,0,9.46388,0,9.46388,,0.8,1400000,198439,0,9.54597,0,9.54597,,0.8,1400000,198439,0,9.44894,0,9.44894,,0.8,1400000,198439,0,9.73257,0,9.73257,,0.8,1400000,198439,0,9.59823,0,9.59823,,0.8,1400000,198439,0,9.46388,0,9.46388,,0.8,1400000,198439,0,9.44895,0,9.44895,,0.8,1400000,198439,0,9.5012,0,9.5012,,0.8,1400000,198439,0,9.62062,0,9.62062,,
0.75,1400000,205002,0,9.46387,0,9.46387,,0.75,1400000,211668,0,9.4788,0,9.4788,,0.75,1400000,211668,0,9.43402,0,9.43402,,0.75,1400000,211668,0,9.46387,0,9.46387,,0.75,1400000,211668,0,9.54598,0,9.54598,,0.75,1400000,211668,0,9.44894,0,9.44894,,0.75,1400000,211668,0,9.73256,0,9.73256,,0.75,1400000,211668,0,9.59821,0,9.59821,,0.75,1400000,211668,0,9.46387,0,9.46387,,0.75,1400000,211668,0,9.44894,0,9.44894,,0.75,1400000,211668,0,9.50119,0,9.50119,,0.75,1400000,211668,0,9.6206,0,9.6206,,
0.7,1400000,219644,0,9.46386,0,9.46386,,0.7,1400000,226787,0,9.47879,0,9.47879,,0.7,1400000,226787,0,9.43401,0,9.43401,,0.7,1400000,226787,0,9.46386,0,9.46386,,0.7,1400000,226787,0,9.54596,0,9.54596,,0.7,1400000,226787,0,9.44894,0,9.44894,,0.7,1400000,226787,0,9.73255,0,9.73255,,0.7,1400000,226787,0,9.59821,0,9.59821,,0.7,1400000,226787,0,9.46386,0,9.46386,,0.7,1400000,226787,0,9.44893,0,9.44893,,0.7,1400000,226787,0,9.50118,0,9.50118,,0.7,1400000,226787,0,9.6206,0,9.6206,,
0.65,1400000,236541,0,9.4639,0,9.4639,,0.65,1400000,244233,0,9.47882,0,9.47882,,0.65,1400000,244233,0,9.43404,0,9.43404,,0.65,1400000,244233,0,9.4639,0,9.4639,,0.65,1400000,244233,0,9.546,0,9.546,,0.65,1400000,244233,0,9.44897,0,9.44897,,0.65,1400000,244233,0,9.73258,0,9.73258,,0.65,1400000,244233,0,9.59823,0,9.59823,,0.65,1400000,244233,0,9.4639,0,9.4639,,0.65,1400000,244233,0,9.44897,0,9.44897,,0.65,1400000,244233,0,9.50121,0,9.50121,,0.65,1400000,244233,0,9.62063,0,9.62063,,
0.6,1400000,256251,0,9.46386,0,9.46386,,0.6,1400000,264585,0,9.4788,0,9.4788,,0.6,1400000,264585,0,9.43401,0,9.43401,,0.6,1400000,264585,0,9.46387,0,9.46387,,0.6,1400000,264585,0,9.54596,0,9.54596,,0.6,1400000,264585,0,9.44894,0,9.44894,,0.6,1400000,264585,0,9.73256,0,9.73256,,0.6,1400000,264585,0,9.59821,0,9.59821,,0.6,1400000,264585,0,9.46387,0,9.46387,,0.6,1400000,264585,0,9.44894,0,9.44894,,0.6,1400000,264585,0,9.50119,0,9.50119,,0.6,1400000,264585,0,9.6206,0,9.6206,,
0.55,1400000,279547,0,9.46386,0,9.46386,,0.55,1400000,288638,0,9.47879,0,9.47879,,0.55,1400000,288638,0,9.43401,0,9.43401,,0.55,1400000,288638,0,9.46386,0,9.46386,,0.55,1400000,288638,0,9.54596,0,9.54596,,0.55,1400000,288638,0,9.44893,0,9.44893,,0.55,1400000,288638,0,9.73255,0,9.73255,,0.55,1400000,288638,0,9.59821,0,9.59821,,0.55,1400000,288638,0,9.46386,0,9.46386,,0.55,1400000,288638,0,9.44893,0,9.44893,,0.55,1400000,288638,0,9.50118,0,9.50118,,0.55,1400000,288638,0,9.6206,0,9.6206,,
0.5,1400000,307503,0,9.4639,0,9.4639,,0.5,1400000,317503,0,9.47883,0,9.47883,,0.5,1400000,317503,0,9.43404,0,9.43404,,0.5,1400000,317503,0,9.4639,0,9.4639,,0.5,1400000,317503,0,9.546,0,9.546,,0.5,1400000,317503,0,9.44897,0,9.44897,,0.5,1400000,317503,0,9.73259,0,9.73259,,0.5,1400000,317503,0,9.59824,0,9.59824,,0.5,1400000,317503,0,9.4639,0,9.4639,,0.5,1400000,317503,0,9.44897,0,9.44897,,0.5,1400000,317503,0,9.50122,0,9.50122,,0.5,1400000,317503,0,9.62063,0,9.62063,,
0.45,1400000,341668,0,9.46384,0,9.46384,,0.45,1400000,352779,0,9.47877,0,9.47877,,0.45,1400000,352779,0,9.43399,0,9.43399,,0.45,1400000,352779,0,9.46384,0,9.46384,,0.45,1400000,352779,0,9.54594,0,9.54594,,0.45,1400000,352779,0,9.44891,0,9.44891,,0.45,1400000,352779,0,9.73253,0,9.73253,,0.45,1400000,352779,0,9.59818,0,9.59818,,0.45,1400000,352779,0,9.46384,0,9.46384,,0.45,1400000,352779,0,9.44891,0,9.44891,,0.45,1400000,352779,0,9.50116,0,9.50116,,0.45,1400000,352779,0,9.62058,0,9.62058,,
0.4,1400000,384376,0,9.46383,0,9.46383,,0.4,1400000,396876,0,9.47876,0,9.47876,,0.4,1400000,396876,0,9.43398,0,9.43398,,0.4,1400000,396876,0,9.46383,0,9.46383,,0.4,1400000,396876,0,9.54593,0,9.54593,,0.4,1400000,396876,0,9.44891,0,9.44891,,0.4,1400000,396876,0,9.73252,0,9.73252,,0.4,1400000,396876,0,9.59818,0,9.59818,,0.4,1400000,396876,0,9.46383,0,9.46383,,0.4,1400000,396876,0,9.44891,0,9.44891,,0.4,1400000,396876,0,9.50115,0,9.50115,,0.4,1400000,396876,0,9.62057,0,9.62057,,
0.35,1400000,439287,0,9.46384,0,9.46384,,0.35,1400000,453573,0,9.47877,0,9.47877,,0.35,1400000,453573,0,9.43399,0,9.43399,,0.35,1400000,453573,0,9.46384,0,9.46384,,0.35,1400000,453573,0,9.54594,0,9.54594,,0.35,1400000,453573,0,9.44891,0,9.44891,,0.35,1400000,453573,0,9.73253,0,9.73253,,0.35,1400000,453573,0,9.59819,0,9.59819,,0.35,1400000,453573,0,9.46384,0,9.46384,,0.35,1400000,453573,0,9.44891,0,9.44891,,0.35,1400000,453573,0,9.50116,0,9.50116,,0.35,1400000,453573,0,9.62058,0,9.62058,,
0.3,1400000,512501,0,9.46383,0,9.46383,,0.3,1400000,529168,0,9.47876,0,9.47876,,0.3,1400000,529168,0,9.43398,0,9.43398,,0.3,1400000,529168,0,9.46383,0,9.46383,,0.3,1400000,529168,0,9.54593,0,9.54593,,0.3,1400000,529168,0,9.44891,0,9.44891,,0.3,1400000,529168,0,9.73252,0,9.73252,,0.3,1400000,529168,0,9.59818,0,9.59818,,0.3,1400000,529168,0,9.46383,0,9.46383,,0.3,1400000,529168,0,9.4489,0,9.4489,,0.3,1400000,529168,0,9.50115,0,9.50115,,0.3,1400000,529168,0,9.62057,0,9.62057,,
0.25,1400000,615003,0,9.46385,0,9.46385,,0.25,1400000,635003,0,9.47878,0,9.47878,,0.25,1400000,635003,0,9.434,0,9.434,,0.25,1400000,635003,0,9.46385,0,9.46385,,0.25,1400000,635003,0,9.54595,0,9.54595,,0.25,1400000,635003,0,9.44893,0,9.44893,,0.25,1400000,635003,0,9.73254,0,9.73254,,0.25,1400000,635003,0,9.5982,0,9.5982,,0.25,1400000,635003,0,9.46385,0,9.46385,,0.25,1400000,635003,0,9.44893,0,9.44893,,0.25,1400000,635003,0,9.50117,0,9.50117,,0.25,1400000,635003,0,9.62059,0,9.62059,,
,,,,,,,,,,,,,,,,,,,,,,,,,,,,,,,,,,,,,,,,,,,,,,,,,,,,,,,,,,,,,,,,,,,,,,,,,,,,,,,,,,,,,,,,,,,,,,,,
lock,scenario5_highway,CHECK_POINT = 10,DEAD_LINE = 1400000,ALL TASK SIZE =1400000,first check = 1,,,lock,scenario5_highway_re,CHECK_POINT = 10,DEAD_LINE = 1400000,ALL TASK SIZE =1400000,first check = 1,,,lock,scenario5_city,CHECK_POINT = 10,DEAD_LINE = 1400000,ALL TASK SIZE =1400000,first check = 1,,,lock,scenario5_city_re,CHECK_POINT = 10,DEAD_LINE = 1400000,ALL TASK SIZE =1400000,first check = 1,,,lock,scenario5_homearea,CHECK_POINT = 10,DEAD_LINE = 1400000,ALL TASK SIZE =1400000,first check = 1,,,lock,scenario5_homearea_re,CHECK_POINT = 10,DEAD_LINE = 1400000,ALL TASK SIZE =1400000,first check = 1,,,lock,scenario5_highway,CHECK_POINT = 100,DEAD_LINE = 1400000,ALL TASK SIZE =1400000,first check = 1,,,lock,scenario5_highway_re,CHECK_POINT = 100,DEAD_LINE = 1400000,ALL TASK SIZE =1400000,first check = 1,,,lock,scenario5_city,CHECK_POINT = 100,DEAD_LINE = 1400000,ALL TASK SIZE =1400000,first check = 1,,,lock,scenario5_city_re,CHECK_POINT = 100,DEAD_LINE = 1400000,ALL TASK SIZE =1400000,first check = 1,,,lock,scenario5_homearea,CHECK_POINT = 100,DEAD_LINE = 1400000,ALL TASK SIZE =1400000,first check = 1,,,lock,scenario5_homearea_re,CHECK_POINT = 100,DEAD_LINE = 1400000,ALL TASK SIZE =1400000,first check = 1,,,
load,deadline_rest,time_high,time_low,Wh_h,Wh_l,Wh_sum,,load,deadline_rest,time_high,time_low,Wh_h,Wh_l,Wh_sum,,load,deadline_rest,time_high,time_low,Wh_h,Wh_l,Wh_sum,,load,deadline_rest,time_high,time_low,Wh_h,Wh_l,Wh_sum,,load,deadline_rest,time_high,time_low,Wh_h,Wh_l,Wh_sum,,load,deadline_rest,time_high,time_low,Wh_h,Wh_l,Wh_sum,,load,deadline_rest,time_high,time_low,Wh_h,Wh_l,Wh_sum,,load,deadline_rest,time_high,time_low,Wh_h,Wh_l,Wh_sum,,load,deadline_rest,time_high,time_low,Wh_h,Wh_l,Wh_sum,,load,deadline_rest,time_high,time_low,Wh_h,Wh_l,Wh_sum,,load,deadline_rest,time_high,time_low,Wh_h,Wh_l,Wh_sum,,load,deadline_rest,time_high,time_low,Wh_h,Wh_l,Wh_sum,,
load,Previous,Previous,Previous,Previous,Previous,Previous,,load,Proposed,Proposed,Proposed,Proposed,Proposed,Proposed,,load,Previous,Previous,Previous,Previous,Previous,Previous,,load,Proposed,Proposed,Proposed,Proposed,Proposed,Proposed,,load,Previous,Previous,Previous,Previous,Previous,Previous,,load,Proposed,Proposed,Proposed,Proposed,Proposed,Proposed,,load,Previous,Previous,Previous,Previous,Previous,Previous,,load,Proposed,Proposed,Proposed,Proposed,Proposed,Proposed,,load,Previous,Previous,Previous,Previous,Previous,Previous,,load,Proposed,Proposed,Proposed,Proposed,Proposed,Proposed,,load,Previous,Previous,Previous,Previous,Previous,Previous,,load,Proposed,Proposed,Proposed,Proposed,Proposed,Proposed,,
1,990700,80300,325000,4.7946,1.45512,6.24972,,1,760750,1250,630000,0.0746357,2.82178,2.89642,,1,995950,80300,325000,4.77967,1.43301,6.21268,,1,769250,1250,630000,0.0746357,2.78419,2.85882,,1,998450,80300,325000,4.74982,1.42416,6.17398,,1,769250,1250,610000,0.0746357,2.78419,2.85882,,1,934972,60150,405600,3.58595,1.79112,5.37707,,1,761750,1250,630000,0.0746357,2.81736,2.892,,1,936867,60150,405600,3.58386,1.7829,5.36676,,1,768750,1250,630000,0.0746357,2.7864,2.86104,,1,936867,60150,405600,3.58386,1.7829,5.36676,,1,768750,1250,630000,0.0746357,2.7864,2.86104,,
0.95,969303,84379,342107,4.78624,1.45513,6.24137,,0.95,727104,1316,663159,0.0746477,2.82179,2.89643,,0.95,974830,84379,342107,4.77132,1.43301,6.20433,,0.95,736051,1316,663159,0.0746477,2.78419,2.85884,,0.95,977462,84379,342107,4.74147,1.42416,6.16563,,0.95,736051,1316,642106,0.0746477,2.78419,2.85884,,0.95,900871,59906,439999,3.39283,1.84588,5.23871,,0.95,728156,1316,663159,0.0746477,2.81736,2.89201,,0.95,902897,59906,439999,3.39134,1.83747,5.22881,,0.95,735525,1316,663159,0.0746477,2.7864,2.86105,,0.95,902897,59906,439999,3.39134,1.83747,5.22881,,0.95,735525,1316,663159,0.0746477,2.7864,2.86105,,
0.9,942734,88912,363909,4.77793,1.46626,6.24418,,0.9,689721,1389,700001,0.0746417,2.82179,2.89643,,0.9,948847,88912,363909,4.763,1.44303,6.20603,,0.9,699165,1389,700001,0.0746417,2.78419,2.85883,,0.9,952185,88912,363909,4.73314,1.43195,6.1651,,0.9,699165,1389,677779,0.0746417,2.78419,2.85883,,0.9,863489,59634,478221,3.20878,1.89793,5.10671,,0.9,690832,1389,700001,0.0746417,2.81736,2.89201,,0.9,865661,59634,478221,3.20788,1.88935,5.09723,,0.9,698610,1389,700001,0.0746417,2.7864,2.86105,,0.9,865661,59634,478221,3.20788,1.88935,5.09723,,0.9,698610,1389,700001,0.0746417,2.7864,2.86105,,
0.85,1025576,130448,239270,6.62053,0.91721,7.53774,,0.85,647940,1471,741177,0.0746566,2.82178,2.89644,,0.85,1026105,130448,239270,6.51007,0.923402,7.43347,,0.85,657940,1471,741177,0.0746566,2.78419,2.85885,,0.85,1017752,130448,239270,6.28915,0.971168,7.26032,,0.85,657940,1471,717648,0.0746566,2.78419,2.85885,,0.85,821171,59330,520940,3.01561,1.95269,4.9683,,0.85,649116,1471,741177,0.0746566,2.81736,2.89202,,0.85,823506,59330,520940,3.01531,1.94393,4.95924,,0.85,657352,1471,741177,0.0746566,2.7864,2.86106,,0.85,823506,59330,520940,3.01531,1.94393,4.95924,,0.85,657352,1471,741177,0.0746566,2.7864,2.86106,,
0.8,1057851,160601,176548,7.67141,0.642368,8.31377,,0.8,600936,1563,787501,0.0746596,2.82179,2.89645,,0.8,1063851,160601,176548,7.64752,0.622908,8.27043,,0.8,611560,1563,787501,0.0746596,2.78419,2.85885,,0.8,1065851,160601,176548,7.59975,0.61937,8.21912,,0.8,611560,1563,762502,0.0746596,2.78419,2.85885,,0.8,802429,70613,525300,3.32221,1.86829,5.19049,,0.8,602186,1563,787501,0.0746596,2.81736,2.89202,,0.8,801740,70613,525300,3.26698,1.87481,5.14179,,0.8,610936,1563,787501,0.0746596,2.7864,2.86106,,0.8,801740,70613,525300,3.26698,1.87481,5.14179,,0.8,610936,1563,787501,0.0746596,2.7864,2.86106,,
0.75,1035600,170934,188132,7.65467,0.641752,8.29642,,0.75,547665,1667,840001,0.0746506,2.82179,2.89644,,0.75,1042000,170934,188132,7.63079,0.622292,8.25308,,0.75,558998,1667,840001,0.0746506,2.78419,2.85884,,0.75,1044133,170934,188132,7.58302,0.618756,8.20178,,0.75,558998,1667,813335,0.0746506,2.78419,2.85884,,0.75,887686,116467,394800,5.18003,1.31571,6.49574,,0.75,548998,1667,840001,0.0746506,2.81736,2.89201,,0.75,885052,116467,394800,5.10092,1.33031,6.43123,,0.75,558332,1667,840001,0.0746506,2.7864,2.86105,,0.75,885052,116467,394800,5.10092,1.33031,6.43123,,0.75,558332,1667,840001,0.0746506,2.7864,2.86105,,
0.7,1010173,182744,201368,7.63797,0.641127,8.2791,,0.7,486784,1786,900001,0.0746477,2.82179,2.89643,,0.7,1017030,182744,201368,7.61408,0.621667,8.23575,,0.7,498927,1786,900001,0.0746477,2.78419,2.85884,,0.7,1019316,182744,201368,7.56631,0.61813,8.18444,,0.7,498927,1786,871429,0.0746477,2.78419,2.85884,,0.7,830759,120744,449368,5.03885,1.38912,6.42797,,0.7,488213,1786,900001,0.0746477,2.81736,2.89201,,0.7,833788,120744,449368,5.04124,1.37957,6.42081,,0.7,498213,1786,900001,0.0746477,2.7864,2.86105,,0.7,833788,120744,449368,5.04124,1.37957,6.42081,,0.7,498213,1786,900001,0.0746477,2.7864,2.86105,,
0.65,980831,196370,216645,7.62123,0.640515,8.26175,,0.65,416536,1924,969232,0.0746715,2.82179,2.89646,,0.65,988215,196370,216645,7.59735,0.621054,8.2184,,0.65,429613,1924,969232,0.0746715,2.78419,2.85886,,0.65,990677,196370,216645,7.54958,0.617516,8.1671,,0.65,429613,1924,938462,0.0746715,2.78419,2.85886,,0.65,796987,134370,467446,5.1796,1.3499,6.5295,,0.65,418074,1924,969232,0.0746715,2.81736,2.89203,,0.65,796329,134370,467446,5.12766,1.35564,6.4833,,0.65,428844,1924,969232,0.0746715,2.7864,2.86108,,0.65,796329,134370,467446,5.12766,1.35564,6.4833,,0.65,428844,1924,969232,0.0746715,2.7864,2.86108,,
0.6,1024098,238100,131135,8.52997,0.365686,8.89565,,0.6,334581,2084,1050001,0.0746596,2.82179,2.89645,,0.6,1031848,238100,131135,8.5031,0.34711,8.85021,,0.6,348748,2084,1050001,0.0746596,2.78419,2.85885,,0.6,1034015,238100,131135,8.44936,0.345341,8.7947,,0.6,348748,2084,1016668,0.0746596,2.78419,2.85885,,0.6,839529,178902,381927,6.3802,1.01472,7.39492,,0.6,336248,2084,1050001,0.0746596,2.81736,2.89202,,0.6,839242,178902,381927,6.32359,1.01968,7.34327,,0.6,347915,2084,1050001,0.0746596,2.7864,2.86106,,0.6,839242,178902,381927,6.32359,1.01968,7.34327,,0.6,347915,2084,1050001,0.0746596,2.7864,2.86106,,
0.55,904028,231055,258326,7.59524,0.643877,8.23912,,0.55,237166,2273,1145455,0.0746447,2.82315,2.89779,,0.55,920535,231055,258326,7.65346,0.599409,8.25287,,0.55,253181,2273,1145455,0.0746447,2.78419,2.85883,,0.55,940367,231055,258326,7.78483,0.541434,8.32626,,0.55,253181,2273,1109092,0.0746447,2.78419,2.85883,,0.55,785080,194401,418942,6.34691,1.0257,7.3726,,0.55,239544,2273,1145455,0.0746447,2.81736,2.89201,,0.55,784741,194401,418942,6.30034,1.02997,7.3303,,0.55,252272,2273,1145455,0.0746447,2.7864,2.86105,,0.55,784741,194401,418942,6.30034,1.02997,7.3303,,0.55,252272,2273,1145455,0.0746447,2.7864,2.86105,,
0.5,950597,284601,156802,8.49656,0.364448,8.86101,,0.5,155337,2501,1262802,0.461583,2.71829,3.17988,,0.5,950617,284601,156802,8.38012,0.373028,8.75315,,0.5,144997,2501,1262802,0.167217,2.76296,2.93018,,0.5,934657,284601,156802,8.14726,0.425572,8.57283,,0.5,144997,2501,1222802,0.167217,2.76296,2.93018,,0.5,817422,246800,336003,7.33923,0.744683,8.08391,,0.5,132517,2501,1260002,0.167217,2.79056,2.95778,,0.5,817622,246800,336003,7.29027,0.747867,8.03814,,0.5,137497,2501,1260002,0.0746656,2.7864,2.86107,,0.5,817622,246800,336003,7.29027,0.747867,8.03814,,0.5,137497,2501,1260002,0.0746656,2.7864,2.86107,,
0.45,905233,312801,173910,8.41207,0.36161,8.77368,,0.45,201175,74467,1127246,2.18594,2.22408,4.41002,,0.45,914733,312801,173910,8.37774,0.345246,8.72298,,0.45,199011,74467,1127246,1.98735,2.2431,4.23045,,0.45,917622,312801,173910,8.324,0.343477,8.66748,,0.45,199011,72245,1091690,1.98735,2.2431,4.23045,,0.45,793030,286758,320084,7.68382,0.638871,8.32269,,0.45,28184,13112,1361468,0.526412,2.69131,3.21772,,0.45,792808,286758,320084,7.64202,0.642409,8.28443,,0.45,25420,13112,1361468,0.352304,2.70971,3.06201,,0.45,792808,286758,320084,7.64202,0.642409,8.28443,,0.45,25420,13112,1361468,0.352304,2.70971,3.06201,,
0.4,852526,354676,182798,8.47088,0.341087,8.81197,,0.4,169954,119375,1112801,3.04956,1.95023,4.99979,,0.4,864151,354676,182798,8.44401,0.322511,8.76652,,0.4,167109,119375,1112801,2.8555,1.96964,4.82514,,0.4,867401,354676,182798,8.39027,0.320742,8.71101,,0.4,167109,118425,1077801,2.8555,1.96964,4.82514,,0.4,783994,347251,268499,8.27161,0.477091,8.7487,,0.4,25306,75675,1301601,1.97617,2.28565,4.26182,,0.4,783519,347251,268499,8.22802,0.48116,8.70918,,0.4,22724,75675,1301601,1.80738,2.30272,4.1101,,0.4,783519,347251,268499,8.22802,0.48116,8.70918,,0.4,22724,75675,1301601,1.80738,2.30272,4.1101,,
0.35,903926,442858,42858,9.26231,0.0818242,9.34414,,0.35,123171,183516,1097027,4.02021,1.67874,5.69895,,0.35,915432,442858,42858,9.23084,0.0663442,9.29719,,0.35,119731,183516,1097027,3.81732,1.69909,5.51641,,0.35,917729,442858,42858,9.18284,0.0663442,9.24918,,0.35,119731,175001,1059944,3.81732,1.69909,5.51641,,0.35,756711,422604,221871,8.81799,0.342627,9.16062,,0.35,19753,155316,1223825,3.39692,1.885,5.28192,,0.35,757798,422604,221871,8.77601,0.344053,9.12006,,0.35,20859,155316,1223825,3.24579,1.89448,5.14027,,0.35,757798,422604,221871,8.77601,0.344053,9.12006,,0.35,20859,155316,1223825,3.24579,1.89448,5.14027,,
0.3,832498,520834,33334,9.32948,0.0619208,9.3914,,0.3,66765,265301,1072268,4.93732,1.40328,6.34061,,0.3,847498,520834,33334,9.29962,0.0442295,9.34385,,0.3,78217,265301,1072268,4.81981,1.39679,6.2166,,0.3,850832,520834,33334,9.23991,0.0442295,9.28414,,0.3,78217,254167,1036134,4.81981,1.39679,6.2166,,0.3,747786,507203,143859,9.06689,0.193774,9.26066,,0.3,5553,255402,1139861,4.7191,1.50067,6.21977,,0.3,747592,507203,143859,9.03428,0.196446,9.23073,,0.3,4737,255402,1139861,4.57491,1.51243,6.08734,,0.3,747592,507203,143859,9.03428,0.196446,9.23073,,0.3,4737,255402,1139861,4.57491,1.51243,6.08734,,
0.25,760997,635003,0,9.53849,0,9.53849,,0.25,142197,439002,786801,6.55305,0.90536,7.45841,,0.25,766997,635003,0,9.44893,0,9.44893,,0.25,153997,439002,786801,6.44258,0.900495,7.34308,,0.25,770997,635003,0,9.38922,0,9.38922,,0.25,153997,365002,1002801,6.44258,0.900495,7.34308,,0.25,747997,630002,20001,9.37427,0.0265384,9.40081,,0.25,6877,383202,1010001,5.85983,1.10633,6.96616,,0.25,746997,630002,20001,9.32949,0.0309613,9.36045,,0.25,6797,383202,1010001,5.72011,1.11677,6.83688,,0.25,746997,630002,20001,9.32949,0.0309613,9.36045,,0.25,6797,383202,1010001,5.72011,1.11677,6.83688,,
,,,,,,,,,,,,,,,,,,,,,,,,,,,,,,,,,,,,,,,,,,,,,,,,,,,,,,,,,,,,,,,,,,,,,,,,,,,,,,,,,,,,,,,,,,,,,,,,
